Date,Open Balances,Closed,New Cases
2022-01-01,1963.0,0.0,468.0
2022-01-02,2431.0,0.0,503.0
2022-01-03,2934.0,857.0,1212.0
2022-01-04,3146.0,727.0,1039.0
2022-01-05,3368.0,949.0,826.0
2022-01-06,3159.0,942.0,828.0
2022-01-07,2892.0,769.0,750.0
2022-01-08,2733.0,0.0,335.0
2022-01-09,3068.0,0.0,326.0
2022-01-10,3394.0,767.0,824.0
2022-01-11,3313.0,856.0,746.0
2022-01-12,3095.0,831.0,708.0
2022-01-13,2764.0,658.0,658.0
2022-01-14,2545.0,680.0,654.0
2022-01-15,2139.0,11.0,326.0
2022-01-16,2454.0,0.0,268.0
2022-01-17,2722.0,766.0,661.0
2022-01-18,2774.0,772.0,700.0
2022-01-19,2459.0,750.0,789.0
2022-01-20,2292.0,786.0,691.0
2022-01-21,2111.0,651.0,606.0
2022-01-22,1791.0,0.0,276.0
2022-01-23,2067.0,0.0,230.0
2022-01-24,2297.0,675.0,589.0
2022-01-25,2083.0,770.0,607.0
2022-01-26,1923.0,883.0,571.0
2022-01-27,1247.0,810.0,566.0
2022-01-28,976.0,530.0,462.0
2022-01-29,777.0,0.0,244.0
2022-01-30,1021.0,0.0,174.0
2022-01-31,1195.0,411.0,389.0
2022-02-01,1218.0,0.0,142.0
2022-02-02,1360.0,0.0,196.0
2022-02-03,1556.0,680.0,547.0
2022-02-04,1416.0,553.0,585.0
2022-02-05,1247.0,0.0,275.0
2022-02-06,1522.0,0.0,275.0
2022-02-07,1797.0,684.0,686.0
2022-02-08,1754.0,626.0,646.0
2022-02-09,1684.0,673.0,621.0
2022-02-10,1454.0,690.0,530.0
2022-02-11,1189.0,623.0,568.0
2022-02-12,956.0,0.0,273.0
2022-02-13,1229.0,0.0,225.0
2022-02-14,1454.0,521.0,525.0
2022-02-15,1445.0,593.0,548.0
2022-02-16,1189.0,642.0,608.0
2022-02-17,1037.0,608.0,681.0
2022-02-18,1037.0,477.0,599.0
2022-02-19,1110.0,19.0,330.0
2022-02-20,1421.0,0.0,312.0
2022-02-21,1733.0,614.0,767.0
2022-02-22,1787.0,549.0,722.0
2022-02-23,1800.0,651.0,638.0
2022-02-24,1739.0,690.0,591.0
2022-02-25,1372.0,642.0,561.0
2022-02-26,1250.0,0.0,293.0
2022-02-27,1543.0,0.0,243.0
2022-02-28,1786.0,673.0,633.0
2022-03-01,1622.0,659.0,655.0
2022-03-02,1618.0,740.0,719.0
2022-03-03,1406.0,681.0,695.0
2022-03-04,1333.0,609.0,619.0
2022-03-05,1219.0,0.0,275.0
2022-03-06,1494.0,0.0,275.0
2022-03-07,1769.0,530.0,670.0
2022-03-08,1948.0,645.0,675.0
2022-03-09,1795.0,659.0,650.0
2022-03-10,1664.0,564.0,605.0
2022-03-11,1535.0,515.0,588.0
2022-03-12,1543.0,0.0,249.0
2022-03-13,1792.0,0.0,260.0
2022-03-14,2052.0,575.0,656.0
2022-03-15,1958.0,562.0,664.0
2022-03-16,1987.0,719.0,631.0
2022-03-17,1699.0,581.0,647.0
2022-03-18,1663.0,529.0,582.0
2022-03-19,1615.0,0.0,244.0
2022-03-20,1859.0,0.0,247.0
2022-03-21,2106.0,571.0,693.0
2022-03-22,2046.0,551.0,598.0
2022-03-23,1905.0,691.0,597.0
2022-03-24,1703.0,599.0,571.0
2022-03-25,1522.0,479.0,638.0
2022-03-26,1558.0,0.0,260.0
2022-03-27,1818.0,0.0,238.0
2022-03-28,2056.0,526.0,600.0
2022-03-29,1938.0,572.0,584.0
2022-03-30,1765.0,656.0,642.0
2022-03-31,1585.0,510.0,569.0
2022-04-01,1560.0,544.0,565.0
2022-04-02,1358.0,0.0,218.0
2022-04-03,1576.0,0.0,296.0
2022-04-04,1872.0,625.0,627.0
2022-04-05,1775.0,563.0,653.0
2022-04-06,1692.0,608.0,641.0
2022-04-07,1719.0,589.0,640.0
2022-04-08,1769.0,549.0,567.0
2022-04-09,1565.0,0.0,230.0
2022-04-10,1795.0,0.0,298.0
2022-04-11,2093.0,563.0,652.0
2022-04-12,2109.0,600.0,577.0
2022-04-13,1931.0,606.0,548.0
2022-04-14,1712.0,501.0,566.0
2022-04-15,1617.0,1.0,239.0
2022-04-16,1855.0,11.0,209.0
2022-04-17,2053.0,0.0,258.0
2022-04-18,2311.0,546.0,567.0
2022-04-19,2343.0,570.0,595.0
2022-04-20,2122.0,691.0,633.0
2022-04-21,1880.0,504.0,691.0
2022-04-22,1950.0,516.0,769.0
2022-04-23,2084.0,0.0,315.0
2022-04-24,2399.0,0.0,223.0
2022-04-25,2622.0,756.0,648.0
2022-04-26,3346.0,1113.0,657.0
2022-04-27,2725.0,1146.0,624.0
2022-04-28,2053.0,654.0,559.0
2022-04-29,1802.0,503.0,489.0
2022-04-30,1788.0,0.0,191.0
2022-05-01,1979.0,0.0,152.0
2022-05-02,2131.0,21.0,217.0
2022-05-03,2131.0,48.0,205.0
2022-05-04,2028.0,624.0,548.0
2022-05-05,2092.0,595.0,642.0
2022-05-06,1922.0,516.0,624.0
2022-05-07,1788.0,6.0,217.0
2022-05-08,1999.0,2.0,182.0
2022-05-09,2179.0,622.0,551.0
2022-05-10,2054.0,652.0,572.0
2022-05-11,1752.0,665.0,571.0
2022-05-12,1485.0,599.0,535.0
2022-05-13,1268.0,499.0,475.0
2022-05-14,1081.0,7.0,238.0
2022-05-15,1312.0,8.0,187.0
2022-05-16,1491.0,0.0,247.0
2022-05-17,1738.0,549.0,568.0
2022-05-18,1744.0,574.0,549.0
2022-05-19,1218.0,575.0,545.0
2022-05-20,1324.0,557.0,492.0
2022-05-21,1101.0,4.0,270.0
2022-05-22,1367.0,0.0,235.0
2022-05-23,1602.0,551.0,591.0
2022-05-24,1591.0,526.0,588.0
2022-05-25,1482.0,541.0,603.0
2022-05-26,1311.0,530.0,541.0
2022-05-27,1151.0,463.0,537.0
2022-05-28,1085.0,0.0,234.0
2022-05-29,1319.0,0.0,203.0
2022-05-30,1522.0,487.0,578.0
2022-05-31,1498.0,560.0,552.0
2022-06-01,1337.0,539.0,517.0
2022-06-02,1191.0,476.0,554.0
2022-06-03,1176.0,445.0,450.0
2022-06-04,1012.0,1.0,197.0
2022-06-05,1208.0,7.0,176.0
2022-06-06,1377.0,461.0,535.0
2022-06-07,1379.0,503.0,529.0
2022-06-08,1240.0,506.0,460.0
2022-06-09,1035.0,481.0,495.0
2022-06-10,894.0,350.0,419.0
2022-06-11,902.0,0.0,184.0
2022-06-12,1086.0,11.0,179.0
2022-06-13,1254.0,499.0,576.0
2022-06-14,1251.0,431.0,528.0
2022-06-15,1192.0,486.0,527.0
2022-06-16,1050.0,427.0,542.0
2022-06-17,1022.0,342.0,499.0
2022-06-18,1032.0,0.0,158.0
2022-06-19,1190.0,0.0,163.0
2022-06-20,1353.0,449.0,467.0
2022-06-21,1168.0,498.0,555.0
2022-06-22,1165.0,467.0,529.0
2022-06-23,1087.0,417.0,478.0
2022-06-24,1026.0,401.0,442.0
2022-06-25,688.0,0.0,226.0
2022-06-26,914.0,0.0,185.0
2022-06-27,1099.0,430.0,528.0
2022-06-28,1102.0,442.0,500.0
2022-06-29,954.0,487.0,534.0
2022-06-30,892.0,432.0,442.0
2022-07-01,968.0,361.0,429.0
2022-07-02,951.0,0.0,178.0
2022-07-03,1129.0,0.0,172.0
2022-07-04,1301.0,409.0,462.0
2022-07-05,1298.0,480.0,507.0
2022-07-06,1204.0,476.0,537.0
2022-07-07,1225.0,407.0,491.0
2022-07-08,1188.0,369.0,375.0
2022-07-09,1048.0,0.0,200.0
2022-07-10,1248.0,0.0,66.0
2022-07-11,1314.0,0.0,105.0
2022-07-12,1419.0,407.0,533.0
2022-07-13,1661.0,503.0,488.0
2022-07-14,1500.0,443.0,432.0
2022-07-15,1426.0,417.0,456.0
2022-07-16,1329.0,0.0,193.0
2022-07-17,1522.0,0.0,196.0
2022-07-18,1718.0,421.0,532.0
2022-07-19,1788.0,410.0,496.0
2022-07-20,1586.0,429.0,460.0
2022-07-21,1579.0,453.0,569.0
2022-07-22,1598.0,371.0,503.0
2022-07-23,1244.0,0.0,217.0
2022-07-24,1461.0,0.0,181.0
2022-07-25,1642.0,524.0,623.0
2022-07-26,1883.0,482.0,546.0
2022-07-27,1937.0,478.0,510.0
2022-07-28,1816.0,441.0,486.0
2022-07-29,1732.0,346.0,435.0
2022-07-30,1625.0,0.0,211.0
2022-07-31,1836.0,0.0,203.0
2022-08-01,2039.0,474.0,549.0
2022-08-02,2094.0,460.0,484.0
2022-08-03,1934.0,465.0,477.0
2022-08-04,1751.0,488.0,456.0
2022-08-05,1591.0,393.0,427.0
2022-08-06,1528.0,1.0,177.0
2022-08-07,1704.0,0.0,147.0
2022-08-08,1851.0,417.0,419.0
2022-08-09,1935.0,0.0,172.0
2022-08-10,1943.0,444.0,431.0
2022-08-11,1751.0,406.0,480.0
2022-08-12,1693.0,261.0,436.0
2022-08-13,1765.0,0.0,204.0
2022-08-14,1969.0,0.0,182.0
2022-08-15,2151.0,408.0,479.0
2022-08-16,2120.0,374.0,486.0
2022-08-17,2126.0,379.0,462.0
2022-08-18,2092.0,400.0,486.0
2022-08-19,2029.0,360.0,402.0
2022-08-20,1910.0,0.0,176.0
2022-08-21,2086.0,0.0,160.0
2022-08-22,2246.0,399.0,441.0
2022-08-23,2217.0,438.0,413.0
2022-08-24,1994.0,428.0,495.0
2022-08-25,1887.0,396.0,550.0
2022-08-26,1890.0,336.0,479.0
2022-08-27,1961.0,0.0,198.0
2022-08-28,2159.0,0.0,160.0
2022-08-29,2319.0,382.0,491.0
2022-08-30,2279.0,448.0,492.0
2022-08-31,2170.0,389.0,410.0
2022-09-01,1998.0,413.0,530.0
2022-09-02,1971.0,366.0,477.0
2022-09-03,2013.0,0.0,203.0
2022-09-04,2216.0,0.0,152.0
2022-09-05,2368.0,344.0,563.0
2022-09-06,2471.0,350.0,502.0
2022-09-07,2554.0,429.0,517.0
2022-09-08,2505.0,485.0,522.0
2022-09-09,2321.0,351.0,404.0
2022-09-10,2284.0,0.0,184.0
2022-09-11,2468.0,0.0,43.0
2022-09-12,2511.0,435.0,524.0
2022-09-13,2560.0,414.0,496.0
2022-09-14,2538.0,436.0,474.0
2022-09-15,2393.0,378.0,494.0
2022-09-16,2445.0,430.0,407.0
2022-09-17,2312.0,6.0,166.0
2022-09-18,2472.0,60.0,152.0
2022-09-19,2532.0,416.0,513.0
2022-09-20,2398.0,440.0,489.0
2022-09-21,2225.0,463.0,554.0
2022-09-22,2205.0,421.0,440.0
2022-09-23,2168.0,418.0,427.0
2022-09-24,2068.0,0.0,143.0
2022-09-25,2211.0,0.0,142.0
2022-09-26,2353.0,414.0,506.0
2022-09-27,2337.0,482.0,523.0
2022-09-28,2304.0,506.0,501.0
2022-09-29,2263.0,450.0,519.0
2022-09-30,2275.0,384.0,495.0
2022-10-01,2090.0,2.0,219.0
2022-10-02,2307.0,0.0,189.0
2022-10-03,2496.0,418.0,541.0
2022-10-04,2626.0,430.0,466.0
2022-10-05,2579.0,450.0,447.0
2022-10-06,2431.0,452.0,528.0
2022-10-07,2437.0,503.0,485.0
2022-10-08,2162.0,19.0,186.0
2022-10-09,2329.0,0.0,169.0
2022-10-10,2694.0,452.0,459.0
2022-10-11,2579.0,431.0,518.0
2022-10-12,2555.0,405.0,461.0
2022-10-13,2507.0,423.0,472.0
2022-10-14,2406.0,430.0,450.0
2022-10-15,2284.0,22.0,198.0
2022-10-16,2460.0,0.0,169.0
2022-10-17,2629.0,441.0,516.0
2022-10-18,2630.0,475.0,511.0
2022-10-19,2571.0,448.0,502.0
2022-10-20,2484.0,403.0,490.0
2022-10-21,2440.0,428.0,485.0
2022-10-22,2155.0,0.0,164.0
2022-10-23,2319.0,0.0,154.0
2022-10-24,2473.0,0.0,202.0
2022-10-25,2839.0,376.0,459.0
2022-10-26,2825.0,361.0,448.0
2022-10-27,2813.0,402.0,511.0
2022-10-28,2840.0,386.0,451.0
2022-10-29,2726.0,3.0,209.0
2022-10-30,2932.0,0.0,173.0
2022-10-31,3081.0,474.0,491.0
2022-11-01,2977.0,434.0,502.0
2022-11-02,2958.0,425.0,493.0
2022-11-03,2866.0,393.0,502.0
2022-11-04,2801.0,456.0,464.0
2022-11-05,2809.0,0.0,186.0
2022-11-06,2995.0,10.0,158.0
2022-11-07,3097.0,458.0,508.0
2022-11-08,3087.0,398.0,523.0
2022-11-09,3025.0,454.0,508.0
2022-11-10,2905.0,442.0,517.0
2022-11-11,2833.0,447.0,422.0
2022-11-12,2808.0,1.0,182.0
2022-11-13,2989.0,6.0,161.0
2022-11-14,2920.0,403.0,535.0
2022-11-15,3013.0,417.0,602.0
2022-11-16,3072.0,454.0,593.0
2022-11-17,3133.0,456.0,448.0
2022-11-18,3037.0,465.0,455.0
2022-11-19,3027.0,17.0,181.0
2022-11-20,3191.0,42.0,178.0
2022-11-21,3228.0,471.0,521.0
2022-11-22,3126.0,529.0,511.0
2022-11-23,2964.0,508.0,537.0
2022-11-24,2811.0,409.0,477.0
2022-11-25,2740.0,411.0,457.0
2022-11-26,2786.0,43.0,175.0
2022-11-27,2918.0,0.0,194.0
2022-11-28,3017.0,488.0,516.0
2022-11-29,2901.0,389.0,554.0
2022-11-30,2825.0,452.0,483.0
2022-12-01,2819.0,475.0,520.0
2022-12-02,2713.0,457.0,543.0
2022-12-03,2799.0,26.0,192.0
2022-12-04,2965.0,7.0,206.0
2022-12-05,3060.0,435.0,610.0
2022-12-06,3145.0,450.0,532.0
2022-12-07,3038.0,410.0,480.0
2022-12-08,2921.0,469.0,515.0
2022-12-09,2972.0,493.0,455.0
2022-12-10,2934.0,19.0,197.0
2022-12-11,3112.0,0.0,219.0
2022-12-12,3021.0,486.0,528.0
2022-12-13,3181.0,538.0,503.0
2022-12-14,3085.0,498.0,513.0
2022-12-15,2956.0,467.0,482.0
2022-12-16,2851.0,518.0,535.0
2022-12-17,2624.0,59.0,234.0
2022-12-18,2799.0,22.0,193.0
2022-12-19,2970.0,511.0,473.0
2022-12-20,2955.0,508.0,550.0
2022-12-21,2862.0,421.0,534.0
2022-12-22,2772.0,470.0,535.0
2022-12-23,2807.0,504.0,444.0
2022-12-24,2747.0,0.0,178.0
2022-12-25,2925.0,0.0,110.0
2022-12-26,3035.0,2.0,182.0
2022-12-27,3215.0,520.0,625.0
2022-12-28,3055.0,498.0,558.0
2022-12-29,2965.0,435.0,585.0
2022-12-30,2945.0,356.0,545.0
2022-12-31,3134.0,20.0,201.0
2023-01-01,3315.0,5.0,345.0
2023-01-02,3655.0,14.0,588.0
2023-01-03,4229.0,501.0,867.0
2023-01-04,4348.0,526.0,819.0
2023-01-05,4621.0,531.0,778.0
2023-01-06,4762.0,527.0,686.0
2023-01-07,4921.0,389.0,289.0
2023-01-08,4821.0,301.0,258.0
2023-01-09,4466.0,654.0,662.0
2023-01-10,4422.0,854.0,655.0
2023-01-11,3959.0,733.0,698.0
2023-01-12,3803.0,671.0,661.0
2023-01-13,3745.0,567.0,536.0
2023-01-14,3714.0,333.0,289.0
2023-01-15,3670.0,189.0,219.0
2023-01-16,3202.0,495.0,588.0
2023-01-17,3204.0,635.0,573.0
2023-01-18,3120.0,588.0,539.0
2023-01-19,2659.0,569.0,543.0
2023-01-20,2775.0,330.0,587.0
2023-01-21,2482.0,179.0,20.0
2023-01-22,2641.0,94.0,0.0
2023-01-23,2735.0,165.0,11.0
2023-01-24,2889.0,211.0,5.0
2023-01-25,3095.0,508.0,539.0
2023-01-26,2962.0,571.0,558.0
2023-01-27,2946.0,500.0,597.0
2023-01-28,3038.0,4.0,243.0
2023-01-29,3281.0,1.0,196.0
2023-01-30,3477.0,644.0,682.0
2023-01-31,3477.0,685.0,631.0
2023-02-01,3054.0,573.0,727.0
2023-02-02,3282.0,574.0,672.0
2023-02-03,2857.0,573.0,523.0
2023-02-04,2807.0,0.0,242.0
2023-02-05,3049.0,0.0,209.0
2023-02-06,3145.0,617.0,601.0
2023-02-07,2948.0,592.0,599.0
2023-02-08,2907.0,515.0,509.0
2023-02-09,2746.0,589.0,838.0
2023-02-10,2830.0,634.0,853.0
2023-02-11,3049.0,0.0,308.0
2023-02-12,3357.0,0.0,365.0
2023-02-13,3394.0,588.0,719.0
2023-02-14,3340.0,642.0,694.0
2023-02-15,3565.0,681.0,726.0
2023-02-16,3488.0,674.0,736.0
2023-02-17,3391.0,663.0,620.0
2023-02-18,3348.0,2.0,280.0
2023-02-19,3626.0,7.0,275.0
2023-02-20,3786.0,568.0,590.0
2023-02-21,3624.0,593.0,655.0
2023-02-22,3596.0,507.0,523.0
2023-02-23,3505.0,552.0,509.0
2023-02-24,3153.0,494.0,496.0
2023-02-25,3155.0,18.0,219.0
2023-02-26,3356.0,27.0,222.0
2023-02-27,3291.0,502.0,552.0
2023-02-28,2884.0,493.0,576.0
2023-03-01,3130.0,419.0,508.0
2023-03-02,3094.0,439.0,569.0
2023-03-03,3140.0,571.0,471.0
2023-03-04,3040.0,27.0,222.0
2023-03-05,3235.0,8.0,238.0
2023-03-06,3351.0,561.0,590.0
2023-03-07,3228.0,562.0,672.0
2023-03-08,3218.0,390.0,767.0
2023-03-09,3484.0,711.0,810.0
2023-03-10,3463.0,629.0,699.0
2023-03-11,3533.0,12.0,270.0
2023-03-12,3791.0,6.0,255.0
2023-03-13,3834.0,611.0,610.0
2023-03-14,3719.0,655.0,657.0
2023-03-15,3425.0,664.0,574.0
2023-03-16,3202.0,525.0,611.0
2023-03-17,3205.0,628.0,520.0
2023-03-18,3097.0,27.0,218.0
2023-03-19,3288.0,1.0,225.0
2023-03-20,3394.0,509.0,571.0
2023-03-21,3420.0,574.0,599.0
2023-03-22,3312.0,582.0,541.0
2023-03-23,3168.0,480.0,497.0
2023-03-24,3115.0,512.0,482.0
2023-03-25,3288.0,16.0,189.0
2023-03-26,3477.0,0.0,189.0
2023-03-27,3260.0,531.0,539.0
2023-03-28,3246.0,489.0,579.0
2023-03-29,3220.0,504.0,513.0
2023-03-30,3086.0,507.0,441.0
2023-03-31,2703.0,381.0,439.0
2023-04-01,2761.0,4.0,220.0
2023-04-02,2977.0,2.0,204.0
2023-04-03,2993.0,509.0,508.0
2023-04-04,3140.0,580.0,506.0
2023-04-05,2992.0,488.0,535.0
2023-04-06,3117.0,448.0,522.0
2023-04-07,3191.0,0.0,228.0
2023-04-08,3419.0,0.0,170.0
2023-04-09,3589.0,10.0,164.0
2023-04-10,3692.0,648.0,560.0
2023-04-11,3637.0,726.0,490.0
2023-04-12,3191.0,563.0,534.0
2023-04-13,3021.0,553.0,500.0
2023-04-14,2870.0,578.0,480.0
2023-04-15,2772.0,0.0,231.0
2023-04-16,3003.0,2.0,208.0
2023-04-17,3137.0,524.0,525.0
2023-04-18,3039.0,564.0,515.0
2023-04-19,2903.0,547.0,493.0
2023-04-20,2711.0,570.0,479.0
2023-04-21,2480.0,486.0,392.0
2023-04-22,2386.0,9.0,165.0
2023-04-23,2542.0,1.0,181.0
2023-04-24,2603.0,467.0,456.0
2023-04-25,2532.0,498.0,519.0
2023-04-26,2479.0,454.0,511.0
2023-04-27,2457.0,442.0,434.0
2023-04-28,2341.0,460.0,433.0
2023-04-29,2314.0,9.0,195.0
2023-04-30,2500.0,1.0,127.0
2023-05-01,2484.0,0.0,216.0
2023-05-02,2700.0,495.0,516.0
2023-05-03,2698.0,501.0,484.0
2023-05-04,2464.0,415.0,441.0
2023-05-05,2516.0,412.0,464.0
2023-05-06,2568.0,9.0,216.0
2023-05-07,2754.0,1.0,187.0
2023-05-08,2831.0,513.0,517.0
2023-05-09,2736.0,445.0,493.0
2023-05-10,2688.0,492.0,500.0
2023-05-11,2481.0,462.0,466.0
2023-05-12,2332.0,525.0,445.0
2023-05-13,2252.0,10.0,215.0
2023-05-14,2457.0,1.0,184.0
2023-05-15,2494.0,506.0,485.0
2023-05-16,2345.0,487.0,443.0
2023-05-17,2107.0,458.0,462.0
2023-05-18,1923.0,451.0,428.0
2023-05-19,1795.0,346.0,406.0
2023-05-20,1855.0,0.0,210.0
2023-05-21,2065.0,0.0,276.0
2023-05-22,2280.0,447.0,501.0
2023-05-23,2250.0,445.0,468.0
2023-05-24,2105.0,410.0,491.0
2023-05-25,2131.0,410.0,480.0
2023-05-26,2007.0,450.0,435.0
2023-05-27,1992.0,11.0,197.0
2023-05-28,2189.0,6.0,205.0
2023-05-29,2277.0,406.0,511.0
2023-05-30,2230.0,491.0,466.0
2023-05-31,2052.0,402.0,490.0
2023-06-01,1995.0,359.0,415.0
2023-06-02,2051.0,0.0,242.0
2023-06-03,2293.0,0.0,195.0
2023-06-04,2494.0,1.0,201.0
2023-06-05,2615.0,418.0,487.0
2023-06-06,2601.0,371.0,522.0
2023-06-07,2713.0,403.0,525.0
2023-06-08,2675.0,428.0,464.0
2023-06-09,2577.0,568.0,397.0
2023-06-10,2406.0,0.0,221.0
2023-06-11,2627.0,0.0,201.0
2023-06-12,2666.0,452.0,469.0
2023-06-13,2511.0,416.0,456.0
2023-06-14,2355.0,448.0,424.0
2023-06-15,2180.0,437.0,469.0
2023-06-16,2109.0,442.0,445.0
2023-06-17,2112.0,2.0,205.0
2023-06-18,2315.0,0.0,183.0
2023-06-19,2376.0,352.0,484.0
2023-06-20,2376.0,340.0,427.0
2023-06-21,2266.0,433.0,385.0
2023-06-22,2137.0,339.0,420.0
2023-06-23,2083.0,441.0,383.0
2023-06-24,2025.0,0.0,233.0
2023-06-25,2258.0,0.0,171.0
2023-06-26,2249.0,464.0,435.0
2023-06-27,2165.0,392.0,387.0
2023-06-28,2105.0,428.0,408.0
2023-06-29,2085.0,0.0,253.0
2023-06-30,2186.0,359.0,358.0
2023-07-01,2185.0,0.0,188.0
2023-07-02,2373.0,0.0,162.0
2023-07-03,2391.0,427.0,477.0
2023-07-04,2423.0,404.0,486.0
2023-07-05,2423.0,338.0,471.0
2023-07-06,2455.0,403.0,503.0
2023-07-07,2481.0,425.0,507.0
2023-07-08,2563.0,0.0,225.0
2023-07-09,2788.0,0.0,230.0
2023-07-10,2887.0,457.0,524.0
2023-07-11,2852.0,382.0,479.0
2023-07-12,2766.0,447.0,428.0
2023-07-13,2647.0,456.0,456.0
2023-07-14,2555.0,501.0,413.0
2023-07-15,2467.0,5.0,239.0
2023-07-16,2701.0,11.0,219.0
2023-07-17,2735.0,392.0,448.0
2023-07-18,2571.0,470.0,434.0
2023-07-19,2372.0,472.0,408.0
2023-07-20,2196.0,405.0,408.0
2023-07-21,2022.0,374.0,322.0
2023-07-22,1970.0,0.0,195.0
2023-07-23,2165.0,0.0,163.0
2023-07-24,2269.0,350.0,378.0
2023-07-25,2107.0,391.0,423.0
2023-07-26,2017.0,386.0,446.0
2023-07-27,1951.0,358.0,403.0
2023-07-28,1855.0,378.0,443.0
2023-07-29,1920.0,1.0,194.0
2023-07-30,2113.0,2.0,184.0
2023-07-31,2191.0,312.0,400.0
2023-08-01,2158.0,370.0,433.0
2023-08-02,2088.0,378.0,391.0
2023-08-03,1964.0,386.0,374.0
2023-08-04,1837.0,450.0,367.0
2023-08-05,1754.0,1.0,184.0
2023-08-06,1937.0,0.0,185.0
2023-08-07,2028.0,378.0,394.0
2023-08-08,1835.0,412.0,449.0
2023-08-09,1872.0,2.0,264.0
2023-08-10,2034.0,344.0,433.0
2023-08-11,1996.0,296.0,356.0
2023-08-12,2056.0,1.0,191.0
2023-08-13,2246.0,0.0,214.0
2023-08-14,2315.0,418.0,451.0
2023-08-15,2182.0,451.0,405.0
2023-08-16,2025.0,471.0,405.0
2023-08-17,1869.0,389.0,458.0
2023-08-18,1808.0,414.0,356.0
2023-08-19,1750.0,3.0,193.0
2023-08-20,1919.0,0.0,172.0
2023-08-21,2051.0,450.0,494.0
2023-08-22,2024.0,434.0,438.0
2023-08-23,1912.0,367.0,418.0
2023-08-24,1847.0,335.0,392.0
2023-08-25,1834.0,383.0,345.0
2023-08-26,1796.0,0.0,176.0
2023-08-27,1972.0,0.0,189.0
2023-08-28,1992.0,374.0,427.0
2023-08-29,1887.0,379.0,397.0
2023-08-30,1791.0,371.0,345.0
2023-08-31,1647.0,372.0,297.0
2023-09-01,1572.0,0.0,192.0
2023-09-02,1714.0,2.0,144.0
2023-09-03,1856.0,0.0,142.0
2023-09-04,1868.0,332.0,408.0
2023-09-05,1908.0,377.0,429.0
2023-09-06,1768.0,397.0,442.0
2023-09-07,1692.0,357.0,441.0
2023-09-08,1723.0,334.0,353.0
2023-09-09,1742.0,0.0,184.0
2023-09-10,1926.0,0.0,169.0
2023-09-11,1977.0,432.0,416.0
2023-09-12,1775.0,359.0,397.0
2023-09-13,1719.0,409.0,373.0
2023-09-14,1579.0,471.0,396.0
2023-09-15,1389.0,294.0,338.0
2023-09-16,1306.0,0.0,211.0
2023-09-17,1475.0,2.0,171.0
2023-09-18,1733.0,438.0,476.0
2023-09-19,1595.0,409.0,426.0
2023-09-20,1540.0,306.0,428.0
2023-09-21,1553.0,297.0,452.0
2023-09-22,1577.0,323.0,345.0
2023-09-23,1072.0,0.0,182.0
2023-09-24,1228.0,2.0,158.0
2023-09-25,1783.0,370.0,388.0
2023-09-26,1718.0,390.0,417.0
2023-09-27,1626.0,369.0,358.0
2023-09-28,1507.0,401.0,397.0
2023-09-29,1390.0,361.0,355.0
2023-09-30,1384.0,0.0,175.0
2023-10-01,1559.0,0.0,158.0
2023-10-02,1532.0,356.0,386.0
2023-10-03,1413.0,314.0,399.0
2023-10-04,1342.0,358.0,387.0
2023-10-05,1219.0,306.0,354.0
2023-10-06,1169.0,299.0,339.0
2023-10-07,1209.0,0.0,170.0
2023-10-08,1379.0,0.0,188.0
2023-10-09,1458.0,403.0,456.0
2023-10-10,1477.0,344.0,335.0
2023-10-11,1184.0,422.0,395.0
2023-10-12,1327.0,355.0,390.0
2023-10-13,1251.0,299.0,340.0
2023-10-14,1292.0,0.0,163.0
2023-10-15,1497.0,4.0,209.0
2023-10-16,1616.0,413.0,394.0
2023-10-17,1413.0,387.0,388.0
2023-10-18,1350.0,301.0,361.0
2023-10-19,1304.0,366.0,435.0
2023-10-20,1300.0,254.0,362.0
2023-10-21,1408.0,0.0,155.0
2023-10-22,1563.0,0.0,181.0
2023-10-23,1742.0,399.0,381.0
2023-10-24,1544.0,395.0,405.0
2023-10-25,1332.0,377.0,384.0
2023-10-26,1361.0,302.0,390.0
2023-10-27,1325.0,364.0,332.0
2023-10-28,1293.0,0.0,197.0
2023-10-29,1491.0,0.0,148.0
2023-10-30,1638.0,385.0,378.0
2023-10-31,1454.0,378.0,349.0
2023-11-01,1280.0,401.0,380.0
2023-11-02,1169.0,311.0,388.0
2023-11-03,1154.0,286.0,340.0
2023-11-04,1208.0,0.0,156.0
2023-11-05,1363.0,1.0,138.0
2023-11-06,1400.0,368.0,498.0
2023-11-07,1386.0,369.0,468.0
2023-11-08,1370.0,327.0,390.0
2023-11-09,1307.0,372.0,332.0
2023-11-10,1118.0,310.0,314.0
2023-11-11,1122.0,0.0,148.0
2023-11-12,1270.0,0.0,161.0
2023-11-13,1431.0,0.0,235.0
2023-11-14,1617.0,408.0,409.0
2023-11-15,1525.0,422.0,524.0
2023-11-16,1650.0,356.0,400.0
2023-11-17,1677.0,348.0,443.0
2023-11-18,1772.0,0.0,213.0
2023-11-19,1985.0,0.0,188.0
2023-11-20,2150.0,523.0,505.0
2023-11-21,2033.0,617.0,500.0
2023-11-22,1912.0,543.0,477.0
2023-11-23,1761.0,460.0,432.0
2023-11-24,1642.0,439.0,473.0
2023-11-25,1676.0,0.0,184.0
2023-11-26,1860.0,4.0,173.0
2023-11-27,1957.0,460.0,416.0
2023-11-28,1835.0,458.0,466.0
2023-11-29,1747.0,427.0,442.0
2023-11-30,1665.0,462.0,484.0
2023-12-01,1539.0,378.0,417.0
2023-12-02,1577.0,0.0,265.0
2023-12-03,1842.0,3.0,199.0
2023-12-04,2001.0,522.0,514.0
2023-12-05,1864.0,483.0,480.0
2023-12-06,1744.0,502.0,471.0
2023-12-07,1589.0,543.0,488.0
2023-12-08,1471.0,439.0,471.0
2023-12-09,1503.0,0.0,225.0
2023-12-10,1728.0,0.0,200.0
2023-12-11,1818.0,485.0,537.0
2023-12-12,1746.0,451.0,448.0
2023-12-13,1683.0,411.0,431.0
2023-12-14,1642.0,449.0,458.0
2023-12-15,1553.0,438.0,403.0
2023-12-16,1518.0,3.0,269.0
2023-12-17,1784.0,11.0,210.0
2023-12-18,1875.0,354.0,523.0
2023-12-19,1961.0,503.0,490.0
2023-12-20,1855.0,421.0,450.0
2023-12-21,1783.0,452.0,446.0
2023-12-22,1751.0,468.0,420.0
2023-12-23,1603.0,0.0,207.0
2023-12-24,1896.0,0.0,148.0
2023-12-25,1910.0,7.0,163.0
2023-12-26,2059.0,528.0,507.0
2023-12-27,1851.0,440.0,514.0
2023-12-28,1831.0,447.0,498.0
2023-12-29,1780.0,426.0,401.0
2023-12-30,1755.0,0.0,232.0
2023-12-31,1987.0,0.0,186.0
2024-01-01,2173.0,3.0,406.0
2024-01-02,2524.0,488.0,733.0
2024-01-03,2619.0,529.0,665.0
2024-01-04,2599.0,575.0,710.0
2024-01-05,2602.0,441.0,507.0
2024-01-06,2668.0,63.0,294.0
2024-01-07,2899.0,4.0,305.0
2024-01-08,3048.0,747.0,566.0
2024-01-09,2700.0,676.0,536.0
2024-01-10,2475.0,565.0,508.0
2024-01-11,2299.0,659.0,471.0
2024-01-12,2050.0,510.0,508.0
2024-01-13,2048.0,0.0,260.0
2024-01-14,2308.0,4.0,222.0
2024-01-15,2470.0,530.0,541.0
2024-01-16,2286.0,569.0,594.0
2024-01-17,2158.0,554.0,556.0
2024-01-18,1980.0,589.0,504.0
2024-01-19,1797.0,440.0,445.0
2024-01-20,1802.0,0.0,224.0
2024-01-21,2026.0,5.0,223.0
2024-01-22,2153.0,566.0,565.0
2024-01-23,2002.0,491.0,475.0
2024-01-24,1790.0,448.0,502.0
2024-01-25,1771.0,473.0,471.0
2024-01-26,1666.0,365.0,412.0
2024-01-27,1713.0,0.0,260.0
2024-01-28,1973.0,6.0,214.0
2024-01-29,2106.0,434.0,490.0
2024-01-30,1966.0,456.0,474.0
2024-01-31,1899.0,479.0,468.0
2024-02-01,1752.0,508.0,418.0
2024-02-02,1550.0,389.0,406.0
2024-02-03,1567.0,2.0,181.0
2024-02-04,1746.0,13.0,208.0
2024-02-05,1809.0,435.0,522.0
2024-02-06,1807.0,420.0,459.0
2024-02-07,1676.0,391.0,392.0
2024-02-08,1521.0,442.0,373.0
2024-02-09,1284.0,292.0,215.0
2024-02-10,1207.0,0.0,92.0
2024-02-11,1299.0,0.0,118.0
2024-02-12,1417.0,2.0,195.0
2024-02-13,1604.0,483.0,352.0
2024-02-14,1334.0,439.0,431.0
2024-02-15,1329.0,330.0,451.0
2024-02-16,1379.0,339.0,460.0
2024-02-17,1500.0,0.0,311.0
2024-02-18,1811.0,0.0,272.0
2024-02-19,2023.0,413.0,727.0
2024-02-20,2199.0,462.0,614.0
2024-02-21,2184.0,412.0,597.0
2024-02-22,2242.0,653.0,571.0
2024-02-23,2106.0,388.0,430.0
2024-02-24,2148.0,0.0,257.0
2024-02-25,2405.0,0.0,295.0
2024-02-26,2622.0,542.0,674.0
2024-02-27,2638.0,544.0,611.0
2024-02-28,2597.0,555.0,544.0
2024-02-29,2404.0,493.0,514.0
2024-03-01,2418.0,515.0,491.0
2024-03-02,2394.0,0.0,260.0
2024-03-03,2654.0,8.0,242.0
2024-03-04,2782.0,445.0,603.0
2024-03-05,2848.0,590.0,642.0
2024-03-06,2744.0,480.0,669.0
2024-03-07,2844.0,472.0,567.0
2024-03-08,2778.0,511.0,463.0
2024-03-09,2730.0,20.0,245.0
2024-03-10,2955.0,2.0,264.0
2024-03-11,3020.0,480.0,535.0
2024-03-12,2930.0,402.0,490.0
2024-03-13,2821.0,592.0,457.0
2024-03-14,2584.0,561.0,402.0
2024-03-15,2298.0,480.0,456.0
2024-03-16,2486.0,6.0,234.0
2024-03-17,2714.0,0.0,224.0
2024-03-18,2950.0,523.0,482.0
2024-03-19,2786.0,465.0,490.0
2024-03-20,2737.0,410.0,390.0
2024-03-21,2521.0,429.0,428.0
2024-03-22,2499.0,432.0,406.0
2024-03-23,2473.0,11.0,211.0
2024-03-24,2673.0,0.0,214.0
2024-03-25,2737.0,466.0,445.0
2024-03-26,2737.0,410.0,390.0
2024-03-27,2521.0,429.0,428.0
2024-03-28,2499.0,432.0,406.0
2024-03-29,2473.0,11.0,211.0
2024-03-30,2673.0,0.0,214.0
2024-03-31,2737.0,466.0,445.0
2024-04-01,2786.0,465.0,490.0
2024-04-02,1500.0,1500.0,1500.0
2024-04-03,1500.0,1500.0,1500.0
2024-04-04,5000.0,100.0,2000.0
2024-04-05,2786.0,465.0,490.0
2024-04-06,1500.0,1500.0,1500.0
2024-04-07,1500.0,1500.0,1500.0
2024-04-08,2786.0,465.0,490.0
2024-04-09,1500.0,1500.0,1500.0
2024-04-10,1500.0,1500.0,1500.0
2024-04-11,2000.0,400.0,1000.0
