Date,Avg Case Closed Per CSE,Avg Case Closed Per CSA,Avg Case Closed Per TL,Avg Case Closed per Temp,Average Case Closed per CfS,Avg Case Closed per Sup
2022-10-02,0.0,0.0,0.0,0.0,0.0,0.0
2022-10-03,28.0,0.0,0.0,0.0,0.0,0.0
2022-10-04,28.0,0.0,0.0,0.0,0.0,0.0
2022-10-05,28.0,0.0,0.0,0.0,0.0,0.0
2022-10-06,28.0,0.0,0.0,0.0,0.0,0.0
2022-10-07,36.0,0.0,0.0,0.0,0.0,0.0
2022-10-08,19.0,0.0,0.0,0.0,0.0,0.0
2022-10-09,0.0,0.0,0.0,0.0,0.0,0.0
2022-10-10,32.0,0.0,0.0,0.0,0.0,0.0
2022-10-11,30.0,0.0,0.0,0.0,0.0,0.0
2022-10-12,30.0,0.0,0.0,0.0,0.0,0.0
2022-10-13,30.0,0.0,0.0,0.0,0.0,0.0
2022-10-14,32.0,0.0,0.0,0.0,0.0,0.0
2022-10-15,22.0,0.0,0.0,0.0,0.0,0.0
2022-10-16,0.0,0.0,0.0,0.0,0.0,0.0
2022-10-17,29.0,0.0,0.0,0.0,0.0,0.0
2022-10-18,32.0,0.0,0.0,0.0,0.0,0.0
2022-10-19,29.0,0.0,0.0,0.0,0.0,0.0
2022-10-20,28.0,0.0,0.0,0.0,0.0,0.0
2022-10-21,27.0,0.0,0.0,0.0,0.0,0.0
2022-10-22,0.0,0.0,0.0,0.0,0.0,0.0
2022-10-23,0.0,0.0,0.0,0.0,0.0,0.0
2022-10-24,0.0,0.0,0.0,0.0,0.0,0.0
2022-10-25,28.0,0.0,0.0,0.0,0.0,0.0
2022-10-26,27.0,0.0,0.0,0.0,0.0,0.0
2022-10-27,32.0,0.0,0.0,0.0,0.0,0.0
2022-10-28,28.0,0.0,0.0,0.0,0.0,0.0
2022-10-29,3.0,0.0,0.0,0.0,0.0,0.0
2022-10-30,0.0,0.0,0.0,0.0,0.0,0.0
2022-10-31,30.0,0.0,0.0,0.0,0.0,0.0
2022-11-01,32.0,0.0,0.0,0.0,0.0,0.0
2022-11-02,31.0,0.0,0.0,0.0,0.0,0.0
2022-11-03,29.0,0.0,0.0,0.0,0.0,0.0
2022-11-04,34.0,0.0,0.0,0.0,0.0,0.0
2022-11-05,0.0,0.0,0.0,0.0,0.0,0.0
2022-11-06,10.0,0.0,0.0,0.0,0.0,0.0
2022-11-07,30.0,0.0,0.0,0.0,0.0,0.0
2022-11-08,32.0,0.0,0.0,0.0,0.0,0.0
2022-11-09,35.0,0.0,13.0,0.0,0.0,0.0
2022-11-10,33.0,0.0,0.0,0.0,0.0,0.0
2022-11-11,32.0,0.0,0.0,0.0,0.0,0.0
2022-11-12,1.0,0.0,8.0,0.0,0.0,0.0
2022-11-13,6.0,0.0,5.0,0.0,0.0,0.0
2022-11-14,32.0,0.0,10.0,0.0,0.0,0.0
2022-11-15,32.0,0.0,10.0,0.0,0.0,0.0
2022-11-16,32.0,0.0,5.0,0.0,0.0,0.0
2022-11-17,31.0,0.0,0.0,0.0,0.0,0.0
2022-11-18,39.0,0.0,0.0,0.0,0.0,0.0
2022-11-19,17.0,0.0,17.0,0.0,0.0,0.0
2022-11-20,42.0,0.0,16.0,0.0,0.0,0.0
2022-11-21,31.0,0.0,16.0,0.0,0.0,0.0
2022-11-22,37.0,0.0,9.0,0.0,0.0,0.0
2022-11-23,34.0,0.0,21.0,0.0,0.0,0.0
2022-11-24,30.0,0.0,0.0,0.0,0.0,0.0
2022-11-25,35.0,0.0,0.0,0.0,0.0,0.0
2022-11-26,22.0,0.0,12.0,0.0,0.0,0.0
2022-11-27,0.0,0.0,7.0,0.0,0.0,0.0
2022-11-28,31.0,0.0,12.0,0.0,0.0,0.0
2022-11-29,27.0,0.0,19.0,0.0,0.0,0.0
2022-11-30,30.0,0.0,22.0,0.0,0.0,0.0
2022-12-01,27.0,0.0,0.0,0.0,0.0,0.0
2022-12-02,33.0,0.0,0.0,0.0,0.0,0.0
2022-12-03,26.0,0.0,26.0,0.0,0.0,0.0
2022-12-04,7.0,0.0,25.0,0.0,0.0,0.0
2022-12-05,28.0,0.0,24.0,0.0,0.0,0.0
2022-12-06,28.0,0.0,42.0,0.0,0.0,0.0
2022-12-07,25.0,0.0,41.0,0.0,0.0,0.0
2022-12-08,26.0,0.0,0.0,0.0,0.0,0.0
2022-12-09,32.0,0.0,0.0,0.0,0.0,0.0
2022-12-10,19.0,0.0,34.0,0.0,0.0,0.0
2022-12-11,0.0,0.0,32.0,0.0,0.0,0.0
2022-12-12,31.0,0.0,36.0,0.0,0.0,0.0
2022-12-13,32.0,0.0,29.0,0.0,0.0,0.0
2022-12-14,26.0,0.0,42.0,0.0,0.0,0.0
2022-12-15,27.0,0.0,0.0,0.0,0.0,0.0
2022-12-16,37.0,0.0,0.0,0.0,0.0,0.0
2022-12-17,30.0,0.0,30.0,0.0,0.0,0.0
2022-12-18,22.0,0.0,29.0,0.0,0.0,0.0
2022-12-19,30.0,0.0,20.0,0.0,0.0,0.0
2022-12-20,28.0,0.0,30.0,0.0,0.0,0.0
2022-12-21,26.0,0.0,35.0,0.0,0.0,0.0
2022-12-22,27.0,0.0,0.0,0.0,0.0,0.0
2022-12-23,30.0,0.0,0.0,0.0,0.0,0.0
2022-12-24,0.0,0.0,0.0,0.0,0.0,0.0
2022-12-25,0.0,0.0,37.0,0.0,0.0,0.0
2022-12-26,2.0,0.0,32.0,0.0,0.0,0.0
2022-12-27,29.0,0.0,27.0,0.0,0.0,0.0
2022-12-28,30.0,0.0,19.0,0.0,0.0,0.0
2022-12-29,26.0,0.0,17.0,0.0,0.0,0.0
2022-12-30,30.0,0.0,0.0,0.0,0.0,0.0
2022-12-31,3.0,0.0,0.0,0.0,0.0,0.0
2023-01-01,5.0,0.0,19.0,0.0,0.0,0.0
2023-01-02,14.0,0.0,33.0,0.0,0.0,0.0
2023-01-03,31.0,0.0,39.0,0.0,0.0,0.0
2023-01-04,30.0,0.0,25.0,0.0,0.0,0.0
2023-01-05,27.0,0.0,13.0,0.0,0.0,0.0
2023-01-06,27.0,0.0,24.0,0.0,0.0,0.0
2023-01-07,25.0,0.0,38.0,0.0,0.0,0.0
2023-01-08,23.0,0.0,45.0,0.0,0.0,0.0
2023-01-09,36.0,0.0,37.0,0.0,0.0,0.0
2023-01-10,42.0,0.0,33.0,0.0,0.0,0.0
2023-01-11,42.0,0.0,35.0,0.0,0.0,0.0
2023-01-12,36.0,0.0,25.0,0.0,0.0,0.0
2023-01-13,32.0,0.0,16.0,0.0,0.0,0.0
2023-01-14,24.0,0.0,39.0,0.0,0.0,0.0
2023-01-15,23.0,0.0,32.0,0.0,0.0,0.0
2023-01-16,32.0,0.0,33.0,0.0,0.0,0.0
2023-01-17,35.0,0.0,31.0,43.0,0.0,0.0
2023-01-18,33.0,0.0,37.0,48.0,0.0,0.0
2023-01-19,32.0,0.0,0.0,44.0,0.0,0.0
2023-01-20,36.0,0.0,0.0,69.0,0.0,0.0
2023-01-21,20.0,0.0,0.0,0.0,0.0,0.0
2023-01-22,0.0,0.0,0.0,0.0,0.0,0.0
2023-01-23,11.0,0.0,32.0,0.0,0.0,0.0
2023-01-24,5.0,0.0,35.0,0.0,0.0,0.0
2023-01-25,29.0,0.0,40.0,36.0,0.0,0.0
2023-01-26,32.0,0.0,9.0,38.0,0.0,0.0
2023-01-27,28.0,0.0,15.0,25.0,0.0,0.0
2023-01-28,4.0,0.0,38.0,0.0,0.0,0.0
2023-01-29,1.0,0.0,37.0,0.0,0.0,0.0
2023-01-30,29.0,0.0,40.0,77.0,0.0,0.0
2023-01-31,33.0,0.0,29.0,82.0,0.0,0.0
2023-02-01,27.0,0.0,33.0,37.0,0.0,0.0
2023-02-02,30.0,0.0,0.0,48.0,0.0,0.0
2023-02-03,33.0,0.0,0.0,54.0,0.0,0.0
2023-02-04,0.0,0.0,42.0,0.0,0.0,0.0
2023-02-05,0.0,0.0,39.0,0.0,0.0,0.0
2023-02-06,32.0,0.0,25.0,67.0,0.0,0.0
2023-02-07,33.0,0.0,25.0,63.0,0.0,0.0
2023-02-08,28.0,0.0,21.0,51.0,0.0,0.0
2023-02-09,34.0,0.0,0.0,0.0,0.0,0.0
2023-02-10,41.0,0.0,0.0,0.0,0.0,0.0
2023-02-11,0.0,0.0,15.0,0.0,0.0,0.0
2023-02-12,0.0,0.0,16.0,0.0,0.0,0.0
2023-02-13,32.0,0.0,26.0,0.0,0.0,0.0
2023-02-14,31.0,0.0,15.0,0.0,0.0,0.0
2023-02-15,32.0,0.0,4.0,0.0,0.0,0.0
2023-02-16,35.0,0.0,0.0,0.0,0.0,0.0
2023-02-17,32.0,0.0,0.0,0.0,0.0,0.0
2023-02-18,2.0,0.0,10.0,0.0,0.0,0.0
2023-02-19,7.0,0.0,26.0,0.0,0.0,0.0
2023-02-20,38.0,0.0,23.0,0.0,0.0,0.0
2023-02-21,31.0,0.0,13.0,0.0,0.0,0.0
2023-02-22,35.0,0.0,24.0,0.0,0.0,0.0
2023-02-23,35.0,0.0,0.0,0.0,0.0,0.0
2023-02-24,37.0,0.0,0.0,0.0,0.0,0.0
2023-02-25,5.0,0.0,22.0,0.0,0.0,0.0
2023-02-26,13.0,0.0,11.0,0.0,0.0,0.0
2023-02-27,28.0,0.0,14.0,0.0,0.0,0.0
2023-02-28,34.0,0.0,23.0,0.0,0.0,0.0
2023-03-01,30.0,0.0,19.0,0.0,0.0,0.0
2023-03-02,27.0,0.0,6.0,0.0,0.0,0.0
2023-03-03,33.0,0.0,6.0,0.0,0.0,0.0
2023-03-04,11.0,0.0,36.0,0.0,0.0,0.0
2023-03-05,1.0,0.0,32.0,0.0,0.0,0.0
2023-03-06,31.0,0.0,33.0,16.0,0.0,0.0
2023-03-07,33.0,0.0,32.0,12.0,0.0,0.0
2023-03-08,28.0,0.0,18.0,24.0,0.0,0.0
2023-03-09,37.0,0.0,0.0,224.0,0.0,0.0
2023-03-10,41.0,0.0,0.0,78.0,0.0,0.0
2023-03-11,6.0,0.0,42.0,0.0,0.0,0.0
2023-03-12,6.0,0.0,30.0,0.0,0.0,0.0
2023-03-13,39.0,0.0,0.0,135.0,0.0,0.0
2023-03-14,37.0,0.0,0.0,0.0,0.0,0.0
2023-03-15,40.0,0.0,11.0,0.0,0.0,0.0
2023-03-16,34.0,0.0,0.0,0.0,0.0,0.0
2023-03-17,44.0,0.0,0.0,0.0,0.0,0.0
2023-03-18,0.0,0.0,18.0,0.0,0.0,0.0
2023-03-19,0.0,0.0,18.0,0.0,0.0,0.0
2023-03-20,35.0,0.0,22.0,0.0,0.0,0.0
2023-03-21,35.0,0.0,24.0,0.0,0.0,0.0
2023-03-22,35.0,0.0,20.0,31.0,0.0,0.0
2023-03-23,33.0,0.0,0.0,0.0,0.0,0.0
2023-03-24,38.0,0.0,0.0,0.0,0.0,0.0
2023-03-25,0.0,0.0,8.0,0.0,0.0,0.0
2023-03-26,0.0,0.0,6.0,0.0,0.0,0.0
2023-03-27,32.0,0.0,8.0,0.0,0.0,0.0
2023-03-28,30.0,0.0,11.0,0.0,0.0,0.0
2023-03-29,28.0,0.0,1.0,0.0,0.0,0.0
2023-03-30,27.0,0.0,0.0,0.0,0.0,0.0
2023-03-31,24.0,0.0,0.0,0.0,0.0,0.0
2023-04-01,4.0,0.0,15.0,0.0,0.0,0.0
2023-04-02,2.0,0.0,13.0,0.0,0.0,0.0
2023-04-03,30.0,0.0,10.0,0.0,0.0,0.0
2023-04-04,32.0,0.0,13.0,0.0,0.0,0.0
2023-04-05,27.0,0.0,0.0,0.0,0.0,0.0
2023-04-06,25.0,0.0,0.0,0.0,0.0,0.0
2023-04-07,0.0,0.0,0.0,0.0,0.0,0.0
2023-04-08,0.0,0.0,20.0,0.0,0.0,0.0
2023-04-09,0.0,0.0,12.0,0.0,0.0,0.0
2023-04-10,34.0,0.0,10.0,0.0,0.0,0.0
2023-04-11,34.0,0.0,12.0,0.0,0.0,0.0
2023-04-12,29.0,0.0,6.0,0.0,0.0,0.0
2023-04-13,30.0,0.0,0.0,0.0,0.0,0.0
2023-04-14,34.0,0.0,0.0,0.0,0.0,0.0
2023-04-15,0.0,0.0,16.0,0.0,0.0,0.0
2023-04-16,0.0,0.0,3.0,0.0,0.0,0.0
2023-04-17,30.0,0.0,2.0,0.0,0.0,0.0
2023-04-18,29.0,0.0,6.0,0.0,0.0,0.0
2023-04-19,28.0,0.0,7.0,0.0,0.0,0.0
2023-04-20,27.0,0.0,0.0,0.0,0.0,0.0
2023-04-21,29.0,0.0,0.0,0.0,0.0,0.0
2023-04-22,9.0,0.0,9.0,0.0,0.0,0.0
2023-04-23,1.0,0.0,5.0,0.0,0.0,0.0
2023-04-24,27.0,0.0,3.0,0.0,0.0,0.0
2023-04-25,28.0,0.0,6.0,0.0,0.0,0.0
2023-04-26,29.0,0.0,4.0,0.0,0.0,0.0
2023-04-27,25.0,0.0,0.0,0.0,0.0,0.0
2023-04-28,25.0,0.0,0.0,0.0,0.0,0.0
2023-04-29,9.0,0.0,0.0,0.0,0.0,0.0
2023-04-30,1.0,0.0,3.0,0.0,0.0,0.0
2023-05-01,0.0,0.0,8.0,0.0,0.0,0.0
2023-05-02,24.0,0.0,8.0,23.0,0.0,0.0
2023-05-03,32.0,0.0,6.0,25.0,0.0,0.0
2023-05-04,22.0,0.0,8.0,16.0,0.0,0.0
2023-05-05,29.0,0.0,0.0,17.0,0.0,0.0
2023-05-06,1.0,0.0,10.0,0.0,0.0,0.0
2023-05-07,1.0,0.0,11.0,0.0,0.0,0.0
2023-05-08,34.0,0.0,5.0,23.0,0.0,0.0
2023-05-09,29.0,0.0,3.0,0.0,0.0,0.0
2023-05-10,28.0,0.0,7.0,0.0,0.0,0.0
2023-05-11,24.0,0.0,1.0,0.0,0.0,0.0
2023-05-12,31.0,0.0,0.0,0.0,0.0,0.0
2023-05-13,9.0,0.0,3.0,0.0,0.0,0.0
2023-05-14,0.0,0.0,4.0,0.0,0.0,0.0
2023-05-15,30.0,0.0,4.0,0.0,0.0,0.0
2023-05-16,29.0,0.0,2.0,0.0,0.0,0.0
2023-05-17,28.0,0.0,4.0,0.0,0.0,0.0
2023-05-18,28.0,0.0,0.0,0.0,0.0,0.0
2023-05-19,24.0,0.0,0.0,0.0,0.0,0.0
2023-05-20,0.0,0.0,4.0,0.0,0.0,0.0
2023-05-21,0.0,0.0,1.0,0.0,0.0,0.0
2023-05-22,26.0,0.0,6.0,19.0,0.0,0.0
2023-05-23,21.0,0.0,4.0,23.0,0.0,0.0
2023-05-24,22.0,0.0,0.0,19.0,0.0,0.0
2023-05-25,26.0,0.0,0.0,21.0,0.0,0.0
2023-05-26,24.0,0.0,2.0,16.0,0.0,0.0
2023-05-27,11.0,0.0,4.0,0.0,0.0,0.0
2023-05-28,1.0,0.0,4.0,0.0,0.0,0.0
2023-05-29,19.0,0.0,2.0,20.0,0.0,0.0
2023-05-30,26.0,0.0,14.0,23.0,0.0,0.0
2023-05-31,26.0,0.0,0.0,15.0,0.0,0.0
2023-06-01,28.0,0.0,0.0,19.0,0.0,0.0
2023-06-02,0.0,0.0,0.0,0.0,0.0,0.0
2023-06-03,0.0,0.0,3.0,0.0,0.0,0.0
2023-06-04,1.0,0.0,4.0,0.0,0.0,0.0
2023-06-05,29.0,0.0,6.0,0.0,0.0,0.0
2023-06-06,29.0,0.0,15.0,0.0,0.0,0.0
2023-06-07,27.0,0.0,8.0,0.0,0.0,0.0
2023-06-08,25.0,0.0,0.0,0.0,0.0,0.0
2023-06-09,27.0,0.0,0.0,0.0,0.0,0.0
2023-06-10,0.0,0.0,2.0,0.0,0.0,0.0
2023-06-11,0.0,0.0,3.0,0.0,0.0,0.0
2023-06-12,22.0,0.0,5.0,22.0,0.0,0.0
2023-06-13,24.0,0.0,6.0,17.0,0.0,0.0
2023-06-14,24.0,0.0,5.0,17.0,0.0,0.0
2023-06-15,27.0,0.0,0.0,23.0,0.0,0.0
2023-06-16,24.0,0.0,0.0,22.0,0.0,0.0
2023-06-17,2.0,0.0,5.0,0.0,0.0,0.0
2023-06-18,0.0,0.0,9.0,0.0,0.0,0.0
2023-06-19,22.0,0.0,5.0,22.0,0.0,0.0
2023-06-20,23.0,0.0,5.0,15.0,0.0,0.0
2023-06-21,24.0,0.0,5.0,32.0,0.0,0.0
2023-06-22,22.0,0.0,6.0,21.0,0.0,0.0
2023-06-23,26.0,0.0,0.0,29.0,0.0,0.0
2023-06-24,0.0,0.0,7.0,0.0,0.0,0.0
2023-06-25,0.0,0.0,7.0,0.0,0.0,0.0
2023-06-26,27.0,0.0,4.0,22.0,0.0,0.0
2023-06-27,25.0,0.0,0.0,16.0,0.0,0.0
2023-06-28,23.0,0.0,3.0,19.0,0.0,0.0
2023-06-29,0.0,0.0,0.0,0.0,0.0,0.0
2023-06-30,24.0,0.0,0.0,22.0,0.0,0.0
2023-07-01,0.0,0.0,8.0,0.0,0.0,0.0
2023-07-02,0.0,0.0,6.0,0.0,0.0,0.0
2023-07-03,32.0,0.0,4.0,26.0,0.0,0.0
2023-07-04,27.0,0.0,11.0,25.0,0.0,0.0
2023-07-05,26.0,0.0,19.0,25.0,0.0,0.0
2023-07-06,32.0,0.0,0.0,21.0,0.0,0.0
2023-07-07,35.0,0.0,0.0,16.0,0.0,0.0
2023-07-08,0.0,0.0,20.0,0.0,0.0,0.0
2023-07-09,0.0,0.0,11.0,0.0,0.0,0.0
2023-07-10,34.0,0.0,10.0,21.0,0.0,0.0
2023-07-11,29.0,0.0,9.0,12.0,0.0,0.0
2023-07-12,27.0,0.0,21.0,19.0,0.0,0.0
2023-07-13,28.0,0.0,0.0,14.0,0.0,0.0
2023-07-14,27.0,0.0,1.0,19.0,0.0,0.0
2023-07-15,5.0,0.0,10.0,0.0,0.0,0.0
2023-07-16,6.0,0.0,11.0,0.0,0.0,0.0
2023-07-17,20.0,0.0,11.0,14.0,0.0,0.0
2023-07-18,25.0,0.0,11.0,28.0,0.0,0.0
2023-07-19,25.0,0.0,12.0,20.0,0.0,0.0
2023-07-20,25.0,0.0,0.0,13.0,0.0,0.0
2023-07-21,20.0,0.0,0.0,12.0,0.0,0.0
2023-07-22,0.0,0.0,5.0,0.0,0.0,0.0
2023-07-23,0.0,0.0,5.0,0.0,0.0,0.0
2023-07-24,27.0,17.0,4.0,12.0,0.0,0.0
2023-07-25,30.0,16.0,3.0,16.0,0.0,0.0
2023-07-26,25.0,13.0,9.0,14.0,0.0,0.0
2023-07-27,25.0,10.0,0.0,11.0,0.0,0.0
2023-07-28,30.0,15.0,0.0,11.0,0.0,0.0
2023-07-29,1.0,0.0,6.0,0.0,0.0,0.0
2023-07-30,2.0,0.0,5.0,0.0,0.0,0.0
2023-07-31,28.0,12.0,3.0,4.0,0.0,0.0
2023-08-01,28.0,12.0,5.0,17.0,0.0,0.0
2023-08-02,29.0,11.0,13.0,8.0,0.0,0.0
2023-08-03,30.0,16.0,0.0,5.0,0.0,0.0
2023-08-04,29.0,17.0,0.0,16.0,0.0,0.0
2023-08-05,0.0,0.0,3.0,0.0,0.0,0.0
2023-08-06,0.0,0.0,6.0,0.0,0.0,0.0
2023-08-07,27.0,11.0,0.0,11.0,0.0,0.0
2023-08-08,26.0,12.0,10.0,12.0,0.0,0.0
2023-08-09,2.0,0.0,2.0,0.0,0.0,0.0
2023-08-10,28.0,15.0,1.0,8.0,0.0,0.0
2023-08-11,25.0,15.0,0.0,7.0,0.0,0.0
2023-08-12,0.0,0.0,1.0,0.0,0.0,0.0
2023-08-13,0.0,0.0,5.0,0.0,0.0,0.0
2023-08-14,31.0,15.0,9.0,14.0,0.0,0.0
2023-08-15,31.0,14.0,2.0,14.0,0.0,0.0
2023-08-16,32.0,20.0,9.0,18.0,0.0,0.0
2023-08-17,27.0,16.0,0.0,9.0,0.0,0.0
2023-08-18,31.0,18.0,0.0,13.0,0.0,0.0
2023-08-19,0.0,0.0,5.0,0.0,0.0,0.0
2023-08-20,0.0,0.0,9.0,0.0,0.0,0.0
2023-08-21,31.0,17.0,3.0,12.0,0.0,0.0
2023-08-22,29.0,16.0,2.0,9.0,0.0,0.0
2023-08-23,25.0,15.0,2.0,9.0,0.0,0.0
2023-08-24,29.0,21.0,0.0,9.0,0.0,0.0
2023-08-25,30.0,17.0,0.0,11.0,0.0,0.0
2023-08-26,0.0,0.0,0.0,0.0,0.0,0.0
2023-08-27,0.0,0.0,0.0,0.0,0.0,0.0
2023-08-28,26.0,14.0,9.0,15.0,0.0,0.0
2023-08-29,29.0,11.0,3.0,11.0,0.0,0.0
2023-08-30,29.0,10.0,3.0,11.0,0.0,0.0
2023-08-31,32.0,11.0,4.0,6.0,0.0,0.0
2023-09-01,0.0,0.0,0.0,0.0,0.0,0.0
2023-09-02,0.0,0.0,2.0,0.0,0.0,0.0
2023-09-03,0.0,0.0,0.0,0.0,0.0,0.0
2023-09-04,29.0,16.0,9.0,15.0,0.0,0.0
2023-09-05,28.0,17.0,1.0,13.0,0.0,0.0
2023-09-06,28.0,18.0,4.0,10.0,0.0,0.0
2023-09-07,29.0,16.0,4.0,11.0,0.0,0.0
2023-09-08,32.0,18.0,5.0,10.0,0.0,0.0
2023-09-09,0.0,0.0,0.0,0.0,0.0,0.0
2023-09-10,0.0,1.0,0.0,0.0,0.0,0.0
2023-09-11,31.0,16.0,2.0,12.0,0.0,0.0
2023-09-12,25.0,16.0,1.0,14.0,0.0,0.0
2023-09-13,28.0,18.0,3.0,17.0,0.0,0.0
2023-09-14,32.0,15.0,3.0,20.0,0.0,0.0
2023-09-15,27.0,11.0,3.0,13.0,0.0,0.0
2023-09-16,0.0,0.0,0.0,0.0,0.0,0.0
2023-09-17,0.0,0.0,0.0,0.0,0.0,0.0
2023-09-18,30.0,18.0,4.0,14.0,0.0,0.0
2023-09-19,26.0,17.0,2.0,18.0,0.0,0.0
2023-09-20,23.0,18.0,1.0,9.0,0.0,0.0
2023-09-21,24.0,14.0,1.0,12.0,0.0,0.0
2023-09-22,26.0,14.0,1.0,12.0,0.0,0.0
2023-09-23,0.0,0.0,0.0,0.0,0.0,0.0
2023-09-24,0.0,0.0,0.0,0.0,0.0,0.0
2023-09-25,28.0,14.0,1.0,13.0,0.0,0.0
2023-09-26,27.0,15.0,1.0,17.0,0.0,0.0
2023-09-27,28.0,16.0,0.0,16.0,0.0,0.0
2023-09-28,25.0,20.0,0.0,14.0,0.0,0.0
2023-09-29,25.0,15.0,3.0,12.0,0.0,0.0
2023-09-30,0.0,0.0,0.0,0.0,0.0,0.0
2023-10-01,0.0,0.0,0.0,0.0,0.0,0.0
2023-10-02,24.0,12.0,3.0,15.0,0.0,0.0
2023-10-03,21.0,13.0,9.0,18.0,0.0,0.0
2023-10-04,23.0,10.0,6.0,24.0,0.0,0.0
2023-10-05,23.0,10.0,1.0,16.0,0.0,0.0
2023-10-06,30.0,14.0,3.0,16.0,0.0,0.0
2023-10-07,0.0,0.0,0.0,0.0,0.0,0.0
2023-10-08,0.0,0.0,0.0,0.0,0.0,0.0
2023-10-09,30.0,16.0,5.0,22.0,0.0,0.0
2023-10-10,31.0,15.0,4.0,16.0,0.0,0.0
2023-10-11,24.0,14.0,3.0,22.0,0.0,0.0
2023-10-12,25.0,12.0,1.0,15.0,0.0,0.0
2023-10-13,23.0,14.0,2.0,11.0,0.0,0.0
2023-10-14,0.0,0.0,0.0,0.0,0.0,0.0
2023-10-15,4.0,0.0,0.0,0.0,0.0,0.0
2023-10-16,23.0,14.0,1.0,4.0,0.0,0.0
2023-10-17,26.0,11.0,5.0,25.0,0.0,0.0
2023-10-18,22.0,9.0,0.0,18.0,0.0,0.0
2023-10-19,25.0,14.0,0.0,0.0,0.0,0.0
2023-10-20,24.0,12.0,1.0,27.0,0.0,0.0
2023-10-21,0.0,0.0,0.0,0.0,0.0,0.0
2023-10-22,0.0,0.0,0.0,0.0,0.0,0.0
2023-10-23,29.0,18.0,1.0,21.0,0.0,0.0
2023-10-24,27.0,17.0,0.0,36.0,0.0,0.0
2023-10-25,28.0,18.0,1.0,17.0,0.0,0.0
2023-10-26,22.0,17.0,1.0,19.0,0.0,0.0
2023-10-27,24.0,18.0,1.0,0.0,0.0,0.0
2023-10-28,0.0,0.0,0.0,0.0,0.0,0.0
2023-10-29,0.0,0.0,0.0,0.0,0.0,0.0
2023-10-30,25.0,18.0,4.0,23.0,0.0,0.0
2023-10-31,24.0,18.0,5.0,23.0,0.0,0.0
2023-11-01,25.0,12.0,3.0,20.0,0.0,0.0
2023-11-02,25.0,14.0,2.0,14.0,0.0,0.0
2023-11-03,19.0,14.0,0.0,17.0,0.0,0.0
2023-11-04,0.0,0.0,0.0,0.0,0.0,0.0
2023-11-05,1.0,0.0,0.0,0.0,0.0,0.0
2023-11-06,22.0,17.0,2.0,24.0,0.0,0.0
2023-11-07,29.0,19.0,0.0,13.0,0.0,0.0
2023-11-08,22.0,16.0,1.0,13.0,0.0,0.0
2023-11-09,27.0,15.0,2.0,0.0,0.0,0.0
2023-11-10,24.0,17.0,0.0,12.0,0.0,0.0
2023-11-11,0.0,0.0,0.0,0.0,0.0,0.0
2023-11-12,0.0,0.0,0.0,0.0,0.0,0.0
2023-11-13,0.0,0.0,0.0,0.0,0.0,0.0
2023-11-14,30.0,24.0,3.0,20.0,0.0,0.0
2023-11-15,35.0,18.0,3.0,21.0,0.0,0.0
2023-11-16,27.0,13.0,4.0,31.0,0.0,0.0
2023-11-17,27.0,17.0,1.0,15.0,0.0,0.0
2023-11-18,0.0,0.0,0.0,0.0,0.0,0.0
2023-11-19,0.0,0.0,0.0,0.0,0.0,0.0
2023-11-20,35.0,18.0,6.0,13.0,0.0,0.0
2023-11-21,32.0,25.0,9.0,14.0,0.0,0.0
2023-11-22,33.0,25.0,7.0,12.0,0.0,0.0
2023-11-23,28.0,22.0,7.0,15.0,0.0,0.0
2023-11-24,29.0,23.0,3.0,10.0,0.0,0.0
2023-11-25,0.0,0.0,0.0,0.0,0.0,0.0
2023-11-26,4.0,0.0,0.0,0.0,0.0,0.0
2023-11-27,33.0,26.0,6.0,11.0,0.0,0.0
2023-11-28,31.0,25.0,5.0,13.0,0.0,0.0
2023-11-29,31.0,21.0,7.0,6.0,0.0,0.0
2023-11-30,37.0,26.0,7.0,14.0,0.0,0.0
2023-12-01,33.0,22.0,10.0,15.0,0.0,0.0
2023-12-02,0.0,0.0,0.0,0.0,0.0,0.0
2023-12-03,2.0,0.0,0.0,0.0,0.0,0.0
2023-12-04,34.0,23.0,7.0,12.0,0.0,0.0
2023-12-05,30.0,28.0,6.0,16.0,0.0,0.0
2023-12-06,29.0,27.0,10.0,15.0,0.0,0.0
2023-12-07,32.0,23.0,8.0,16.0,0.0,0.0
2023-12-08,30.0,24.0,8.0,15.0,0.0,0.0
2023-12-09,0.0,0.0,0.0,0.0,0.0,0.0
2023-12-10,0.0,0.0,0.0,0.0,0.0,0.0
2023-12-11,30.0,22.0,9.0,14.0,0.0,0.0
2023-12-12,29.0,19.0,7.0,14.0,0.0,0.0
2023-12-13,26.0,23.0,9.0,11.0,0.0,0.0
2023-12-14,30.0,18.0,10.0,13.0,0.0,0.0
2023-12-15,26.0,22.0,5.0,15.0,0.0,0.0
2023-12-16,3.0,0.0,0.0,0.0,0.0,0.0
2023-12-17,10.0,0.0,0.0,0.0,0.0,0.0
2023-12-18,29.0,18.0,6.0,10.0,0.0,0.0
2023-12-19,30.0,23.0,15.0,15.0,0.0,0.0
2023-12-20,27.0,19.0,17.0,10.0,0.0,0.0
2023-12-21,21.0,19.0,15.0,15.0,0.0,0.0
2023-12-22,29.0,19.0,4.0,15.0,0.0,0.0
2023-12-23,0.0,0.0,0.0,0.0,0.0,0.0
2023-12-24,0.0,0.0,0.0,0.0,0.0,0.0
2023-12-25,7.0,0.0,0.0,0.0,0.0,0.0
2023-12-26,34.0,24.0,12.0,12.0,0.0,0.0
2023-12-27,28.0,23.0,10.0,13.0,0.0,0.0
2023-12-28,27.0,26.0,12.0,15.0,0.0,0.0
2023-12-29,26.0,23.0,14.0,15.0,0.0,0.0
2023-12-30,0.0,0.0,0.0,0.0,0.0,0.0
2023-12-31,0.0,0.0,0.0,0.0,0.0,0.0
2024-01-01,3.0,0.0,0.0,0.0,0.0,0.0
2024-01-02,31.0,21.0,12.0,26.0,0.0,0.0
2024-01-03,34.0,24.0,11.0,25.0,0.0,0.0
2024-01-04,30.0,23.0,19.0,25.0,0.0,0.0
2024-01-05,29.0,25.0,18.0,13.0,0.0,0.0
2024-01-06,0.0,0.0,0.0,0.0,0.0,63.0
2024-01-07,4.0,0.0,0.0,0.0,0.0,0.0
2024-01-08,29.0,21.0,28.0,36.0,19.0,30.0
2024-01-09,31.0,21.0,22.0,29.0,17.0,21.0
2024-01-10,30.0,22.0,19.0,21.0,17.0,26.0
2024-01-11,30.0,26.0,22.0,29.0,21.0,20.0
2024-01-12,25.0,22.0,15.0,25.0,17.0,3.0
2024-01-13,0.0,0.0,0.0,0.0,0.0,0.0
2024-01-14,4.0,0.0,0.0,0.0,0.0,0.0
2024-01-15,30.0,22.0,28.0,35.0,21.0,14.0
2024-01-16,31.0,22.0,28.0,26.0,24.0,6.0
2024-01-17,30.0,24.0,22.0,24.0,20.0,6.0
2024-01-18,28.0,23.0,25.0,21.0,15.0,3.0
2024-01-19,27.0,22.0,12.0,19.0,9.0,1.0
2024-01-20,0.0,0.0,0.0,0.0,0.0,0.0
2024-01-21,4.0,0.0,0.0,0.0,0.0,0.0
2024-01-22,27.0,20.0,23.0,13.0,12.0,1.0
2024-01-23,28.0,23.0,19.0,8.0,17.0,0.0
2024-01-24,27.0,22.0,21.0,11.0,15.0,1.0
2024-01-25,29.0,22.0,19.0,22.0,22.0,0.0
2024-01-26,26.0,20.0,18.0,10.0,19.0,0.0
2024-01-27,0.0,0.0,0.0,0.0,0.0,0.0
2024-01-28,6.0,0.0,0.0,0.0,0.0,0.0
2024-01-29,29.0,23.0,13.0,14.0,13.0,3.0
2024-01-30,26.0,20.0,13.0,7.0,21.0,0.0
2024-01-31,24.0,22.0,6.0,8.0,21.0,4.0
